title,domain,score,country_code,reg_dtime
苹果,aHR0cDovL3NhcDEwODE5c3kuY2M=,Critical,US,2025-08-10 02:37:24 (UTC)
404: NOT_FOUND,aHR0cDovL25laTEwMDJkLTZ6aGMudmVyY2VsLmFwcA==,Critical,US,2025-08-10 02:38:11 (UTC)
403 Forbidden,aHR0cDovL3Nib3h6Y3h4YzMudG9w,Critical,HK,2025-08-10 02:38:53 (UTC)
404: NOT_FOUND,aHR0cDovL2NvbnRlbnQtZmxhZ2dlZHMtZnc3Zi52ZXJjZWwuYXBw,Critical,US,2025-08-10 02:40:51 (UTC)
Netflix,aHR0cDovL25ldGZsaXgtY2xvbmUtYWRpdGg2MjgudmVyY2VsLmFwcA==,Critical,US,2025-08-10 02:42:08 (UTC)
Coinbase® Extension® | Getting Started® Help*,aHR0cDovL2Fib3V0LWhlbHAtY29pbmJhc2V4dG4udHlwZWRyZWFtLmFwcA==,Critical,,2025-08-10 02:43:29 (UTC)
Suspected phishing site | Cloudflare,aHR0cDovL3d3dzJob3RtYWlsLWphcGFuaG9heC50NGowei5zaG9w,Critical,,2025-08-10 02:44:17 (UTC)
Site Not Found | Framer,aHR0cDovL2N1cmx5LXdvcmstODE5ODYxLmZyYW1lci5hcHA=,Critical,US,2025-08-10 02:50:18 (UTC)
德信体育 -【德信体育全站娱乐】尽享全站游戏，一站式服务！,aHR0cDovL3dhcC53aW5kcy1zb2Z0LmNvbQ==,Critical,US,2025-08-10 02:53:31 (UTC)
,aHR0cDovL2FwcC5yZXNnYXRhLWxpdmVsby5uZXQ=,Critical,BE,2025-08-10 02:55:30 (UTC)
,aHR0cDovL2FsbGVncm8ucGwtb2ZlcnRhMjgzNjMwLnNicw==,Critical,,2025-08-10 02:59:13 (UTC)
,aHR0cDovL2FsbGVncm8ucGwtb2ZlcnRhMjYzODIwOS5zYnM=,Critical,,2025-08-10 03:00:09 (UTC)
,aHR0cDovL2FsbGVncm8ucGwtb2ZlcnRhODk3NDY0Mzk3ODg2NDExLmljdQ==,Critical,,2025-08-10 03:05:21 (UTC)
404 Error: Page Not Found | Wix.com,aHR0cDovL3NoYXJvbnBhbG1lcjMxMzEud2l4c2l0ZS5jb20=,Critical,US,2025-08-10 03:06:04 (UTC)
Airbnb,aHR0cDovL3d3dy5haXJibmItY2xvbmUtZXhhbXBsZS1tdXJleC52ZXJjZWwuYXBw,Critical,US,2025-08-10 03:08:05 (UTC)
404: NOT_FOUND,aHR0cDovL2d1aWRlLW1ldGEtc3lzdGVtLWF0ZS1pZDI2MDAxLnZlcmNlbC5hcHA=,Critical,US,2025-08-10 03:08:51 (UTC)
苹果,aHR0cDovL3NhcDEwMjl5dGIuY2M=,Critical,US,2025-08-10 03:10:50 (UTC)
苹果,aHR0cDovL3NhcDE0OTU2bG4uY2M=,Critical,US,2025-08-10 03:13:07 (UTC)
milles,aHR0cDovL2Nsb3VkLWxvZy5ibG9nc3BvdC5ycw==,Critical,US,2025-08-10 03:15:06 (UTC)
Coinbase® Extension® | Getting Started®,aHR0cDovL2NvaW5iYXNlLWhvbWUtZXh0bi50eXBlZHJlYW0uYXBw,Critical,,2025-08-10 03:17:53 (UTC)
I.S.I.C - 국내 최저 수수료 결제 대행사 | 안전한 온라인 결제 시스템,aHR0cDovL2lzaWNwYXltZW50LndlYi5hcHA=,Critical,US,2025-08-10 03:18:56 (UTC)
Suspected phishing site | Cloudflare,aHR0cDovL2FwcC5hY2Vzc29yZXNnYXRjbGljay5kaWdpdGFs,Critical,,2025-08-10 03:21:45 (UTC)
Suspected phishing site | Cloudflare,aHR0cDovL2JyYWRlc2NvY2FydG9lcy1saXZlbG8uY29t,Critical,,2025-08-10 03:22:41 (UTC)
Get Robux,aHR0cDovL2ZhYnVsb3VzLWNvbmNoYS0xZjU4MzIubmV0bGlmeS5hcHA=,Critical,SG,2025-08-10 03:24:33 (UTC)
Attention Required! | Cloudflare,aHR0cDovL2FwcC5hY2Vzc29hanVkYWdvcmEubGl2ZQ==,Critical,,2025-08-10 03:31:32 (UTC)
苹果,aHR0cDovL3NhcDExMDBpY2cuY2M=,Critical,US,2025-08-10 03:33:20 (UTC)
,aHR0cDovL3BheXBhbC5nbHVlY2tpbWdydWVuZW4uZGU=,Critical,,2025-08-10 03:34:19 (UTC)
Home - Meyersdesign,aHR0cDovL21leWVyc2Rlc2lnbi5pY3U=,Critical,,2025-08-10 03:38:20 (UTC)
,aHR0cDovL2FsbGVncm9sb2thbG5pZS5wbC1vZmVydGEyODMwMzgzLnNicw==,Critical,,2025-08-10 03:40:02 (UTC)
,aHR0cDovL2FsbGVncm8ucGwta2F0ZWdvcmlhODQzNjE3MjY3Mzkuc2hvcA==,Critical,,2025-08-10 03:41:09 (UTC)
,aHR0cDovL21vYmFyYWtpLmNsaWNr,Critical,BE,2025-08-10 03:42:38 (UTC)
,aHR0cDovL2FsbGVncm9sb2thbG5pZS5vZmVydHkta2F0ZWdvcmlhLXJvem5lLTguaWN1,Critical,,2025-08-10 03:43:28 (UTC)
,aHR0cDovL2FsbGVncm8ucGwtb2ZlcnRhMTczODYzOTIuc2Jz,Critical,,2025-08-10 03:45:07 (UTC)
Suspected phishing site | Cloudflare,aHR0cDovL3dlYjMucnBjYnJvd3Nlci54eXo=,Critical,,2025-08-10 03:46:08 (UTC)
Suspected phishing site | Cloudflare,aHR0cDovL3d3dzJob3RtYWlsLWphcGFuaG9heC5taGFqZy5zaG9w,Critical,,2025-08-10 03:47:55 (UTC)
404: NOT_FOUND,aHR0cDovL2RpNG0wbmJvaW1vazN5bW9pLTJpcWsudmVyY2VsLmFwcA==,Critical,US,2025-08-10 03:49:34 (UTC)
Deployment Unavailable,aHR0cDovL2hhaGFoYTgzODYtaXJ6eS52ZXJjZWwuYXBw,Critical,US,2025-08-10 03:50:16 (UTC)
,aHR0cDovL3N1cHBvcnQtNzI1MjMudWJwYWdlcy5jb20=,Critical,,2025-08-10 03:53:00 (UTC)
404: NOT_FOUND,aHR0cDovL25vcm1hbnNhLnZlcmNlbC5hcHA=,Critical,US,2025-08-10 03:53:37 (UTC)
Suspected phishing site | Cloudflare,aHR0cDovL2FwcC5jYXJ0YWNsaWNrYm9udXMudG9w,Critical,,2025-08-10 03:54:17 (UTC)
苹果,aHR0cDovL3NhcDEwMTBzOWUuY2M=,Critical,US,2025-08-10 03:56:08 (UTC)
Index of /,aHR0cDovL3pud25mY3Bjb250YWN0cy5oZWxlbmNsYXJlLmlkLmF1,Critical,AE,2025-08-10 03:56:56 (UTC)
404: NOT_FOUND,aHR0cDovL3RpdGFuc3hhYy52ZXJjZWwuYXBw,Critical,US,2025-08-10 03:58:45 (UTC)
/ipfs/bafybeieldjtzqyig46glaua2cgw652ld5svexlijm3dvim4kqtybf7hbhm/,aHR0cDovL2ExODZjZTkzMjgxYjMtcTE1Zy40ZXZlcmxhbmQuYXBw,Critical,,2025-08-10 04:00:26 (UTC)
,aHR0cDovL2FsbGVncm9sb2thbG5pZS5wbC1vbGdvc3plbmlhLWZpcm1vd2UtODg4NDI0MzMwNTk3LmljdQ==,Critical,,2025-08-10 04:02:05 (UTC)
"Netflix India – Watch TV Shows Online, Watch Movies Online",aHR0cDovL3d3dy5uZXRmbGl4LWNsb25lMjAyNS52ZXJjZWwuYXBw,Critical,US,2025-08-10 04:02:45 (UTC)
Deployment Unavailable,aHR0cDovL2NsZWFudXB4LW1hbmFnZS1sb2NhbC1naXQ5MTQyMDgzNjUxLnZlcmNlbC5hcHA=,Critical,US,2025-08-10 04:03:27 (UTC)
Site Not Found | Framer,aHR0cDovL3RpbnktdGltZXMtMDMzODEwLmZyYW1lci5hcHA=,Critical,US,2025-08-10 04:06:54 (UTC)
苹果,aHR0cDovL3NhcDE1NTBlbWcuY2M=,Critical,US,2025-08-10 04:08:40 (UTC)
404: NOT_FOUND,aHR0cDovL3N1cHBvcnRtZXRhY29tbXVuaXR5LXV3MW8udmVyY2VsLmFwcA==,Critical,US,2025-08-10 04:11:51 (UTC)
Page not found,aHR0cDovL2dtYWlsbGdvaS5lYmZvcm1zLmNvbQ==,Critical,,2025-08-10 04:13:00 (UTC)
Suspected phishing site | Cloudflare,aHR0cDovL3d3dzJob3RtYWlsLWphcGFuaG9heC5ubjdjOS5zaG9w,Critical,,2025-08-10 04:13:50 (UTC)
Attention Required! | Cloudflare,aHR0cDovL3d3dzNob3RtYWlsLWphcGFuaG9heC54Y3d3Zy5zaG9w,Critical,,2025-08-10 04:17:42 (UTC)
Attention Required! | Cloudflare,aHR0cDovL2FwcC5hY2Vzc29hdGVuZGJpYS5saXZl,Critical,,2025-08-10 04:19:22 (UTC)
,aHR0cDovL2FsbGVncm9sb2thbG5pZS5wbC1vZmVydGE5MjE1MjMuaWN1,Critical,,2025-08-10 04:20:07 (UTC)
苹果,aHR0cDovL3NhcDEwMDlnbWEuY2M=,Critical,US,2025-08-10 04:21:49 (UTC)
苹果,aHR0cDovL3NhcDEyMTF5aWQuY2M=,Critical,US,2025-08-10 04:23:42 (UTC)
Sign in with your telstra ID,aHR0cDovL3VubGltaXRlZC1leGNlcHRpb25zLTExODEyMi5mcmFtZXIuYXBw,Critical,US,2025-08-10 04:24:22 (UTC)
Attention Required! | Cloudflare,aHR0cDovL2FwcC5hY2Vzc29ub3RpZi1iaWEuZGlnaXRhbA==,Critical,,2025-08-10 04:25:04 (UTC)
Suspected phishing site | Cloudflare,aHR0cDovL3RyenIzNTQ1Y25jdC5kYXBobmllMS53b3JrZXJzLmRldg==,Critical,,2025-08-10 04:26:16 (UTC)
苹果,aHR0cDovL3NhcDEwNDh4cncuY2M=,Critical,US,2025-08-10 04:29:12 (UTC)
Home - Netflix,aHR0cDovL3d3dy5uZXRmbGl4LWNsb25lLW5pbmUtY2hpLnZlcmNlbC5hcHA=,Critical,US,2025-08-10 04:30:02 (UTC)
Ledger Live,aHR0cDovL2xlZGdlcmxpdmUtYXNzZXRzLmNvbQ==,Critical,,2025-08-10 04:31:05 (UTC)
Attention Required! | Cloudflare,aHR0cDovL2NvbmV4dGVuY3Rpb25pbmMwbWUuZGU=,Critical,,2025-08-10 04:31:52 (UTC)
Attention Required! | Cloudflare,aHR0cDovL2FwcC5hY2Vzc29jbGlja2JpYS5saXZl,Critical,,2025-08-10 04:34:02 (UTC)
Just a moment...,aHR0cDovL2FwcC5hY2Vzc29hdGVuZGJpYS5kaWdpdGFs,Critical,,2025-08-10 04:34:52 (UTC)
Site not found,aHR0cDovL2FsbDIxMS5uZXRsaWZ5LmFwcA==,Critical,SG,2025-08-10 04:36:44 (UTC)
Amazon,aHR0cDovL3d3dy5saXZyby1saWFyZC52ZXJjZWwuYXBw,Critical,US,2025-08-10 04:37:31 (UTC)
Google,aHR0cDovL2FwcC1leG8uY29t,Safe,SC,2025-08-10 04:38:37 (UTC)
Suspected phishing site | Cloudflare,aHR0cDovL2V4Y2hhbmdlbWxiYi5hY2FkZW15LWdhbWUuY29t,Critical,,2025-08-10 04:44:28 (UTC)
CSAM,aHR0cDovL2NhbGN1bGF0aW5nLXNpZW5uYS1tYXRoZW1hdGljcy16b2dqaHpyb3UucmVwbGl0LmFwcA==,Critical,US,2025-08-10 04:59:00 (UTC)
,aHR0cDovL2FsbGVncm8ucGwtb2ZlcnRhMjk4NzI2NS5pY3U=,Critical,,2025-08-10 05:01:57 (UTC)
Meta for Business - Page Appeal,aHR0cDovL2xvZy1oYW5kbGVyLTE1NTI4MDA2OTIzLnZlcmNlbC5hcHA=,Critical,US,2025-08-10 05:03:44 (UTC)
UNDERWATER PLACE,aHR0cDovL+2VreunjOyLneuLuS5xYWEua3I=,Critical,KR,2025-08-10 05:05:34 (UTC)
Suspected phishing site | Cloudflare,aHR0cDovL2FwcC5jYXJ0YWNsaWNrYm9udXMuc2hvcA==,Critical,,2025-08-10 05:06:33 (UTC)
,aHR0cDovL2FsbGVncm8ucGwtb2ZlcnRhMTg4MTUxNTcxLmNmZA==,Critical,,2025-08-10 05:07:44 (UTC)
苹果,aHR0cDovL3NhcDEyNzVzMmIuY2M=,Critical,US,2025-08-10 05:09:35 (UTC)
Deployment Unavailable,aHR0cDovL2NvbmZpcm0tdGljay52ZXJjZWwuYXBw,Critical,US,2025-08-10 05:10:12 (UTC)
,aHR0cDovL2FsbGVncm9sb2thbG5pZS5wbC1rYXRlZ29yaWU5MTI3NDUxMjg0NTYxMjU4LnNob3A=,Critical,,2025-08-10 05:11:26 (UTC)
Un instant...,aHR0cDovL3JlYWN0aXZhLXN1c2NyaXBjaW9uLmNvbQ==,Critical,BG,2025-08-10 05:12:28 (UTC)
Deployment Unavailable,aHR0cDovL2R1bmctaWQtMzY0NTg4NzUtMnBkYS52ZXJjZWwuYXBw,Critical,US,2025-08-10 05:14:07 (UTC)
Suspected phishing site | Cloudflare,aHR0cDovL2FwcC5jYXJ0YW1ldXJlc2dhdGUubGl2ZQ==,Critical,,2025-08-10 05:14:59 (UTC)
Before we proceed,aHR0cDovL3d3dy53Zm1lc3NhZ2U2MDUudmVyY2VsLmFwcA==,Critical,US,2025-08-10 05:16:16 (UTC)
Just a moment...,aHR0cDovL3NocmlyYW1udXJzaW5nY29sbGVnZS5jb20=,Critical,,2025-08-10 05:17:06 (UTC)
Suspected phishing site | Cloudflare,aHR0cDovL2FwcC5jYXJ0YW1ldXJlc2dhdGUuc2hvcA==,Critical,,2025-08-10 05:18:02 (UTC)
,aHR0cDovL2NvbWZvcnRpbmctcGxhdHlwdXMtOWEyNTQxLm5ldGxpZnkuYXBw,Critical,SG,2025-08-10 05:21:24 (UTC)
milles,aHR0cDovL3d3dy5jbG91ZC1sb2cuYmxvZ3Nwb3QucWE=,Critical,US,2025-08-10 05:23:13 (UTC)
milles,aHR0cDovL2Nsb3VkLWxvZy5ibG9nc3BvdC5zaQ==,Critical,US,2025-08-10 05:25:13 (UTC)
Suspected phishing site | Cloudflare,aHR0cDovL2FwcC5jYXJ0YWZvbmVmYWNpbC5zaG9w,Critical,,2025-08-10 05:26:27 (UTC)
404 Error: Page Not Found | Wix.com,aHR0cDovL2JlbmFkb20xMTEud2l4c2l0ZS5jb20=,Critical,US,2025-08-10 05:27:09 (UTC)
,aHR0cDovL2FsbGVncm9sb2thbG5pZS5wbC1vZmVydGE5ODI1ODMuaWN1,Critical,,2025-08-10 05:28:48 (UTC)
苹果,aHR0cDovL3NhcDExMzE1aXUuY2M=,Critical,US,2025-08-10 05:32:42 (UTC)
苹果,aHR0cDovL3RhcDIwNzN2aHIuY2M=,Critical,US,2025-08-10 05:38:43 (UTC)
访问受限 - 地理位置限制,aHR0cDovL3NiaXNlY2NvanAtYW1vdW50LmVva3J1eWguY24=,Critical,SG,2025-08-10 05:39:36 (UTC)
,aHR0cDovL2FsbGVncm9sb2thbG5pZS5wbC1vbGdvc3plbmlhLWZpcm1vd2UtODg4NDI0MzMwNTg5LmljdQ==,Critical,,2025-08-10 05:40:18 (UTC)
Site Not Found | Framer,aHR0cDovL3RyaWNreS1mZWVsLTM2NDg2MS5mcmFtZXIuYXBw,Critical,US,2025-08-10 05:41:00 (UTC)
Netflix,aHR0cDovL3d3dy5teS1uZXRmbGlwLXdoZWF0LnZlcmNlbC5hcHA=,Critical,US,2025-08-10 05:41:41 (UTC)
mein-dkb-profile.de.cool - Zugriff / Access: #403,aHR0cDovL21laW4tZGtiLXByb2ZpbGUuZGUuY29vbA==,Critical,DE,2025-08-10 05:45:10 (UTC)
Page not found,aHR0cDovL2dtYWlsaHliYS5lYmZvcm1zLmNvbQ==,Critical,,2025-08-10 05:52:05 (UTC)
Site not found,aHR0cDovL2VubGluZWFpbmdyZS5uZXRsaWZ5LmFwcA==,Critical,SG,2025-08-10 05:55:11 (UTC)
